BBCDanielS,count_user
GuidoFawkes,11
JamesDelingpole,15
GuidoFawkes,11
MaxWindCowie,12
stefandevries,13
Observers,9
JulienPain,10
john_mcguirk,12
MrHarryCole,11
RT_com,6
NatSecSoc,9
RuwaydaMustafah,15
JuliaHB1,8
MailOnline,10
mathieuvonrohr,14
alexmassie,10
JPSargeant78,12
jacobinism,10
ceciliauddenm,13
DavidKenner,11
EnaLolena,9
ChrChristensen,14
konbini,7
DJack_Journo,12
Independent,11
JuliaHB1,8
andrew_mueller,14
KarlreMarks,11
ggreenwald,10
PHammondMP,10
surfnuttz,9
IndexCensorship,15
thejohnsimpson,14
J_Bloodworth,12
malachybrowne,13
BBCBreaking,11
SkyNews,7
pieterkleinrtl,14
RT_com,6
DJack_Journo,12
euronews,8
RT_com,6
jenanmoussa,11
Mohammed_Amin,13
DavidJo52951945,15
jane__bradley,13
AFPphoto,8
IvoVegter,9
timsullivan23,13
piersmorgan,11
alexstubb,9
russian_market,14
SimonNRicketts,14
MayorofLondon,13
cnni,4
thedailymash,12
pressahmadiyya,14
SukhSandhu,10
MsIntervention,14
cartoonmovement,15
NBCNews,7
steveclarkuk,12
ninaburleigh,12
Heresy_Corner,13
AnnTelnaes,10
BloomfieldSJ,12
AgnesCPoirier,13
destroyoislamo,14
FoxNews,7
abelicc,7
MailOnline,10
dhume,5
MuslimCouncil,13
holland_tom,11
Rajyasree,9
BBCNewsGraphics,15
ATEEKSTER,9
iyad_elbaghdadi,15
SkyNews,7
laurenzcollins,14
BenWeinthal,11
gchikermane,11
AdityaRajKaul,13
jean_jullien,12
J_Bloodworth,12
ynetnews,8
markthomasinfo,14
mjrharris,9
nytimes,7
TRobinsonNewEra,15
mehdirhasan,11
AnonyOps,8
koertdebeuf,11
MartinDaubney,13
PeterTatchell,13
mmoskvit,8
Telegraph,9
KuperSimon,10
LibyanBentBladi,15
Colvinius,9
BarbaraDemick,13
simon_schama,12
Charles_Lister,14
MailOnline,10
An0nKn0wledge,13
JonnyGeller,11
JFXM,4
iyad_elbaghdadi,15
Conflict_Report,15
guardian,8
hrw,3
iyad_elbaghdadi,15
MattWelch,9
JandMo,6
AbiePB,6
BBCWorld,8
CEMB_forum,10
Hayley_Barlow,13
UNESCO,6
zaidbenjamin,12
Journalism2ls,13
edwardlucas,11
uli_speck,9
KateAllenAI,11
JeffreyGoldberg,15
iyad_elbaghdadi,15
cnnbrk,6
AJEnglish,9
leninology,10
mrjohnofarrell,14
OwensDamien,11
AndyBarnett6,12
ThePoke,7
Bonn1eGreer,11
edwardedark,11
FGoria,6
CynicalSultan,13
USATODAY,8
RupertMyers,11
aellick,7
MirabilisDave,13
PzFeed,6
FHeisbourg,10
PassingKindness,15
Jonathan_Witt,13
astroehlein,11
kenanmalik,10
RachelDonadio,13
Independent,11
pressfreedom,12
CharleneWhite,13
IlanBenZion,11
harun_yahya,11
TarekFatah,10
NATO,4
JonnnyBest,10
Claire_Phipps,13
guardiannews,12
bbc5live,8
SkyNews,7
davidschneider,14
baghdadinvest,13
rishibagree,11
RT_com,6
USATODAY,8
deYook,6
SMSFCoach,9
AMTomchak,9
OwenJones84,11
AFPphoto,8
CNN,3
Parazhit,8
iyad_elbaghdadi,15
MaajidNawaz,11
AnthonyMKreis,13
GodlessUtopia,13
sheeraf,7
EmilyKoch22,11
guardian,8
RitaPanahi,10
israfilaydemir,14
securitythinker,15
MsIntervention,14
kenanmalik,10
JazzShaw,8
selfstyledsiren,15
pressfreedom,12
NeilMackay,10
sonaliranade,12
israfilaydemir,14
RT_com,6
NewHumanist,11
Yair_Rosenberg,14
IndexCensorship,15
MadAxes,7
AhmadiyyatIslam,15
guardian,8
GLove39,7
SukhSandhu,10
NewspaperWorld,14
TarekFatah,10
euronews,8
PoliceChiefs,12
guardiannews,12
Will_Antonin,12
israfilaydemir,14
SkyNews,7
StewartWood,11
NYTimesCohen,12
MariamVeiszadeh,15
iyad_elbaghdadi,15
BenWeinthal,11
NewStatesman,12
birgittaj,9
NBCNews,7
BradThor,8
warren_bass,11
thedailybeast,13
GuyVerhofstadt,14
Whoozley,8
CNNVideo,8
TelegraphNews,13
BuzzFeedUK,10
simon_price01,13
WSJ,3
guardiannews,12
RashtrapatiBhvn,15
Aboujahjah,10
benshapiro,10
shumylaj,8
shashj,6
BBCBreaking,11
MaggieJordanACN,15
guardian,8
MatthewdAncona,14
LibyaLiberty,12
AnshelPfeffer,13
PankajPachauri,14
isasun,6
Independent,11
20committee,11
article19org,12
Herb_Wunar,10
TriviumPaolo,12
comicsandcola,13
justinjm1,9
WSJ,3
notfabrice,10
lauraleishman,13
SimonTOverall,13
williamoconnor5,15
MaajidNawaz,11
SudheenKulkarni,15
StephenMangan,13
calestous,9
aligokal,8
Independent,11
billhobbs,9
TarekFatah,10
PhysicsHenry,12
JohnJohnsonson,14
cnni,4
europeanleft,12
bouckap,7
abgutman,8
laurenzcollins,14
BBCtrending,11
mathieuvonrohr,14
cocobyname,10
doctorcdf,9
alainevon,9
FoxNews,7
NUJofficial,11
adelesmithNYC,13
KevinGFox,9
haikus_by_KN,12
FRANCE24,8
LibertarianGeo,14
MaajidNawaz,11
JuliaHB1,8
FraserNelson,12
BSchmeitzner,12
StianValla,10
LotteLeicht1,12
jacobwe,7
bouckap,7
PGourevitch,11
Mediaite,8
kimwillsher1,12
wikileaks,9
CNN,3
TarekFatah,10
PeterTatchell,13
jackyaljaz,10
jeffstinco,10
AndrewBloch,11
cnni,4
JustinTrudeau,13
channeldraw,11
movingpictureTV,15
CasMudde,8
EU_Humanists,12
justinjm1,9
guardian,8
martelf,7
SkyNewsBreak,12
Arsova,6
a_picazo,8
FredZeppelin12,14
RezaMoradi,10
TarekFatah,10
fgeffardAFP,11
pinknews,8
aliamjadrizvi,13
rupasubramanya,14
MailOnline,10
bouckap,7
nytimesworld,12
Maryam_Rajavi,13
Benoit_CR,9
thedailybeast,13
AFPphoto,8
walterolson,11
Maryam_Rajavi,13
Maryam_Rajavi,13
nytimes,7
CNN,3
timesofindia,12
AFPphoto,8
ThomasPride,11
bouckap,7
BuzzFeedNews,12
RamziHabre,10
BBCtrending,11
monaeltahawy,12
MailOnline,10
washingtonpost,14
Independent,11
DavidClinchNews,15
tobeymonster,12
justinjm1,9
SuzySallam,10
SonVesayet,10
cnni,4
ihsanylmz,9
abgutman,8
rishibagree,11
DouglasKMurray,14
PascalBarollier,15
SuvalagnaC,10
ajplus,6
siobhanheanue,13
mePadraigReidy,14
b1ack_panther,13
DLoesch,7
MaryamNamazie,13
ChrissyCole,11
HinduDefense,12
NYMag,5
AmnestyOnline,13
ajohnston12,11
amolrajan,9
thei100,7
TelegraphNews,13
woodo79,7
Telegraph,9
EmmaDaly,8
monaeltahawy,12
9_mas,5
m2aln,5
craigstone_,11
israfilaydemir,14
Boeufblogginon,14
cheguwera,9
bbcworldservice,15
TIME,4
Ostrov_A,8
GermanyDiplo,12
khalafroula,11
EmreUslu,8
brianmoore666,13
francosoup,10
Chet_Friendly,13
hahellyer,9
DickDelingpole,14
andrewcopson,12
DLoesch,7
billybragg,10
AJENews,7
Ostrov_A,8
SheikhImaan,11
HinduDefense,12
natebeeler,10
michaeldickson,14
Reuters,7
AFP,3
jean_jullien,12
froomkin,8
MashableNews,12
bbcworldservice,15
Gavin_McInnes,13
Independent,11
GodlessRobin,12
jenanmoussa,11
lluisahicart,12
bouckap,7
BlogsofWar,10
joshglancy,10
WSJ,3
GerryHassan,11
joshglancy,10
Variety,7
joshglancy,10
archon,6
shilpakannan,12
Telegraph,9
TelegraphWorld,14
BBCBreaking,11
ArentsHA,8
EmilyZDavis,11
ChrisMoos_,10
YanniKouts,10
HuffPostUK,10
ninalakhani,11
TomChivers,10
joshglancy,10
tobiaslehr,10
dhamini,7
Ostrov_A,8
mohamedghilan,13
smitabarooah,12
PJCrowley,9
itvnews,7
SkyNews,7
TODAYshow,9
lindenashby,11
iSupportBJP,11
Sumi_hasan,10
MikeHogan4FM,12
SkyNews,7
Ostrov_A,8
aliamjadrizvi,13
redbrasco,9
Telegraph,9
raushenbush,11
rishibagree,11
FDRLST,6
ndtv,4
sunny_hundal,12
elondonmosque,13
elondonmosque,13
sturdyAlex,10
stengel,7
benshapiro,10
WhiteHouse,10
WSJPolitics,11
ishaantharoor,13
BBCWorld,8
MailOnline,10
satishacharya,13
TelegraphNews,13
IraqiExpat,10
FoxNews,7
_charlesbrun,12
sarkar_swati,12
AkyolinEnglish,14
Michael_Heaver,14
gisela_pda,10
joshglancy,10
CNN,3
HayekMG,7
Flowmobs,8
BBCOS,5
siobhanheanue,13
Narendramodi_G,14
Telegraph,9
Slate,5
robjones3030,12
officialroycey,14
AmnestyUK,9
emmarichard,11
5Forty3,7
JWFoundation_,13
ivivekbansal,12
HuffPostUK,10
weknowwhatsbest,15
iyad_elbaghdadi,15
guardiannews,12
bbc5live,8
cvoter,6
amnesty,7
DanieleRaineri,14
raztweets,9
ChrChristensen,14
iyad_elbaghdadi,15
Independent,11
monaeltahawy,12
johannhari101,13
gauravaery,10
Reuters,7
jmsardo,7
Sumi_hasan,10
SmartestConman,14
gilgameshh,10
cmschroed,9
guardian,8
iyad_elbaghdadi,15
Independent,11
Trustnamo,9
richardjgodwin,14
DawahAk1,8
AndreaMann,10
Hevallo,7
eucopresident,13
iyad_elbaghdadi,15
TheSunNewspaper,15
SecularlyYours,14
spectator,9
SmartestConman,14
drhingram,9
ElBeardsley,11
iyad_elbaghdadi,15
AFPNordic,9
ChuckNellis,11
NoonArabia,10
TIME,4
GwydionS,8
ElBeardsley,11
TwitchyTeam,11
commentisfree,13
AleBedoya17,11
stuartmillar159,15
guardian,8
FoxNews,7
CounterMoonbat,14
fgautier26,10
RupertMyers,11
nein6,5
DailyMirror,11
avinashbhat01,13
WajahatAli,10
sparrowmedia,12
AnaisBordages,13
davidwalliams,13
jonworth,8
femeninna,9
VikingBohman,12
AJENews,7
OECD,4
AgnesCPoirier,13
bobbyllew,9
simonstrumse,12
guardiannews,12
fgautier26,10
business,8
amnestypress,12
joshuafoust,11
BBCBreaking,11
BRIANMBENDIS,12
Book_Fair,9
LukeReuters,11
Partisangirl,12
BradThor,8
ellencarmichael,15
JGreenDC,8
ChristopherJM,13
TheDailyEdge,12
HuffPostUKPics,14
BuzzFeedNews,12
AMLwhere,8
guardian,8
monteiro,8
BinaShah,8
mashable,8
DougSaunders,12
domdelport,10
Gavin_McInnes,13
SalmanRushdie,13
JonasChr88,10
PzFeed,6
donie,5
_Syriana_,9
AgnesCPoirier,13
ezralevant,10
RogerQuimbly,12
tubanursonmez,13
s8mb,4
grasswire,9
YahooNews,9
cnni,4
Bidenshairplugs,15
davpope,7
sarah_harvard,13
ivivekbansal,12
CRNetInt,8
rdecourson,10
Independent,11
guardian,8
Telegraph,9
TheMurdochTimes,15
TPM,3
DVATW,5
NBCNews,7
KTHopkins,9
benshapiro,10
danielnyari,11
nytimes,7
elenacresci,11
nycjim,6
lsarsour,8
Paydesk,7
His_Grace,9
leloveluck,10
iran_policy,11
Claire_Phipps,13
MustafaEdib,11
LouiseMensch,12
weknowwhatsbest,15
DLoesch,7
nytimesworld,12
SmartestConman,14
ivivekbansal,12
IlanBenZion,11
iowahawkblog,12
Independent,11
_amroali,8
Bidenshairplugs,15
becksunyer,10
Nero,4
baratunde,9
LatuffCartoons,14
PzFeed,6
HuffingtonPost,14
RightWingSpeaks,15
mediaguardian,13
JackieBodnar,12
stephen_strydom,15
RichardDawkins,14
USATODAY,8
bopanc,6
AP,2
DouglasLKennedy,15
Trushar,7
EU_Jamaica,10
mrjohnofarrell,14
cnnbrk,6
MrKRudd,7
Tugotone,8
pressfreedom,12
Lisa_Wilkinson,14
SpeedReads,10
PzFeed,6
LawSecSoc,9
blastedsilver,13
FRANCE24,8
iran_policy,11
IndiaSpeaksPR,13
AkhandBharat101,15
WilliamPMillard,15
PMRRECORDS,10
TwitsOfGod,10
katz,4
VeryOldPics,11
Shakespeare_Co,14
ReutersLive,11
metrokenny,10
jtLOL,5
PeterTatchell,13
zoeythegreat,12
islamicfreedom,14
ChuckNellis,11
GillesKLEIN,11
Cameron_Gray,12
BuckSexton,10
taslimanasreen,14
khalidalbaih,12
sankrant,8
badpostmodels,13
SirJadeja,9
TIME,4
nthurlbeck,10
WSJ,3
Bipartisanism,13
GlobeOpinion,12
IamMSilvestre,13
eriiiic,7
DouglasKMurray,14
larasinclair,12
Bipartisanism,13
JackofKent,10
UncleRUSH,9
Bipartisanism,13
MatGrapeloup,12
StephensSimon,13
ChristopherJM,13
greta,5
washingtonpost,14
dougchavez,10
peymaneh123,11
megynkelly,10
MeganBoone,10
markthomasinfo,14
the_ironsheik,13
AC360,5
iowahawkblog,12
mathieuvonrohr,14
AnonOpsLegion,13
benshapiro,10
ChuckCJohnson,13
SASchoenfeld,12
InfowarsMag,11
NYMag,5
calestous,9
TRobinsonNewEra,15
JFXM,4
RedNationRising,15
MailOnline,10
Bipartisanism,13
JulianBurnside,14
TheAtlantic,11
greta,5
ABCNews24,9
seaninsound,11
fahdisme,8
RobPulseNews,12
joseiswriting,13
moethemyth,10
Variety,7
NYCityAlerts,12
BBCNews,7
MaxBlumenthal,13
SirWilliamD,11
thetimes,8
Independent,11
ChrisCuomo,10
guardian,8
ShayneCurrieNZH,15
MaajidNawaz,11
stephenfry,10
AndrewCollins,13
NegarMortazavi,14
JaclynGlenn,11
firstpostin,11
MartinChilton,13
cnni,4
meganlucy1989,13
RyanRampling,12
madamevecartoon,15
Independent,11
thei100,7
PoliceChiefs,12
TRobinsonNewEra,15
MaxBlumenthal,13
stephenfry,10
MrASingh,8
BBCtrending,11
patcondell,10
thetimes,8
IndyVoices,10
PauleyP,7
Bongo_Bondhu,12
cnnbrk,6
BBCFreeSpeech,13
Telegraph,9
nytimes,7
MailOnline,10
sherlockmichael,15
smitharyy,9
Malsharifi,10
DailyMirror,11
4FreedominIran,14
illibraio,9
polblonde,9
LatuffCartoons,14
FadumoRali,10
Independent,11
LatuffCartoons,14
TheUnRealTimes,14
Independent,11
DrWidadAkrawi,13
Bescherelle,11
Telegraph,9
ahouseisnot1813,15
WSJ,3
HuffPostUKPics,14
Independent,11
TRobinsonNewEra,15
TIME,4
Beltrew,7
car0lverde,10
guardian,8
anniekevans,11
Elif_Safak,10
AntonLaGuardia,14
Setarehgan,10
sheeraf,7
bbc5live,8
ssu_sverige,11
WSJ,3
alexis_ok,9
AmmounAAY,9
JohnnyJet,9
BBCWorld,8
LaurensJulien,13
Independent,11
Donal_OKeeffe,13
guardian,8
NickNorbrook,12
Charles_HRH,11
BBCOS,5
Holbornlolz,11
WSJ,3
wu_venus,8
thei100,7
Dralnoaimi,10
dpjankowski,11
RanaHarbi,9
cnni,4
MailOnline,10
SupTulum,8
NATO,4
LeahVdc,7
masoud_ahmed,12
ndtv,4
nytimes,7
MahmoudRamsey,13
DAaronovitch,12
MalikAshok,10
jricole,7
LotteLeicht1,12
TheIndyPeople,13
JavadDabiran,12
mirandachale,12
theinquisitr,12
NickCohen4,10
TheMuslimFaith,14
ashrafghani,11
MiscSewing,10
guardian,8
Quandly,7
thei100,7
henryfraser0,12
MineParis81,11
DailyMail,9
ndtv,4
CreateLex,9
eucopresident,13
CreativeReview,14
Independent,11
RattyBurvil,11
MENnewsdesk,11
nytimes,7
mediaguardian,13
WalesOnline,11
smitharyy,9
MailOnline,10
KhaledBeydoun,13
brownjenjen,11
MaanImranKhan,13
NBCNews,7
EmilyZDavis,11
Mo_Taha1,8
MaanImranKhan,13
misterclem,10
westendproducer,15
DailyMirror,11
islam4christian,15
Powerful_Pics,13
Mo_Taha1,8
MaanImranKhan,13
SkyNews,7
AFP,3
BDUTT,5
grainnemcc,10
jabberworks,11
RitaOra,7
FRANCE24,8
jayeshdewana12,14
boredpanda,10
RuthBenderParis,15
LeftSentThis,12
Independent_ie,14
ianprior,8
FRANCE24,8
NewDay,6
SukhSandhu,10
NorfolkPolice,13
TarekFatah,10
FlynKangaroo,12
theheraldsun,12
AmnestyUK,9
FredericSays,12
BBCWorld,8
SkyNews,7
LatuffCartoons,14
Londonist,9
OpenRightsGroup,15
brownjenjen,11
TIME,4
OmarWaraich,11
H_E_Samuel,10
TerryMoran,10
BreakingNews,12
WSJ,3
billybragg,10
ADAMPLOW,8
camanpour,9
IrishTimes,10
JackofKent,10
MENnewsdesk,11
TRobinsonNewEra,15
attractive3463,14
Feeney4Batman,13
metpoliceuk,11
JackofKent,10
camanpour,9
johnspatricc,12
SkyNewsBreak,12
Rimlaire,8
mfatta7,7
Telegraph,9
funny2883,9
HumzaYousaf,11
USATODAY,8
kayaburgess,11
AFPphoto,8
anwarphilly,11
WIRED,5
charles_hawley,14
saggirex,8
steve_sps,9
NewDay,6
TarekFatah,10
Independent,11
Pray4Pal,8
Dezeen,6
GlasgowCC,9
AFPphoto,8
AFP,3
ljam185,7
nycjim,6
MTVUK,5
bbcfessy,8
Independent,11
smh,3
louisebrealey,13
MGKaleem,8
AnastaciaFanily,15
Mehmet_Canturk,14
9NewsAUS,8
taslimanasreen,14
juliamacfarlane,15
ABC,3
TheVampsJames,13
sunny_hundal,12
francediplo_EN,14
Channel4News,12
TODAYshow,9
TaylorClutter,13
artdielle,9
ludobok,7
PETAUK,6
Mohrenpost,10
abhijitmajumder,15
charliesaidthat,15
RT_com,6
nypost,6
AgnesCPoirier,13
elenacresci,11
rishibagree,11
BBCWorld,8
WSJ,3
BBCNormanS,10
BBCNormanS,10
NBCNews,7
MaliciaRogue,12
guardian,8
feedly,6
guardian,8
GMA,3
nycjim,6
UKLabour,8
Telegraph,9
notxsane,8
jabberworks,11
Martina,7
Independent,11
BBCSporf,8
kimwillsher1,12
LouiseMensch,12
cnni,4
BBCBreaking,11
PenguinUKBooks,14
WSJ,3
abcnews,7
USATODAY,8
guardian,8
ryangrim,8
Salon,5
ThisIsFusion,12
XopheRobin,10
thenikhilkapur,14
fatihkeles,10
guardian,8
guardian,8
bouckap,7
OwenJones84,11
RTUKnews,8
ABC,3
WSJ,3
AnnieMachon,11
BBCWorld,8
ProPublica,10
BuzzFeed,8
caitlinmoran,12
Independent,11
USATODAY,8
BuzzFeedNews,12
MailOnline,10
IDFSpokesperson,15
mashable,8
NadelParis,10
sunny_hundal,12
nytimes,7
WSJeurope,9
YoimSamy,8
wikileaks,9
Slate,5
wikileaks,9
eu_eeas,7
MiamiHerald,11
condeHRW,8
heartsincamelot,15
HuffPostArts,12
JohnAmaechi,11
HaziqAbdAziz,12
Slate,5
HaileGebr,9
Boazziz,7
cnnbrk,6
Yair_Rosenberg,14
BuzzFeedUK,10
TarekFatah,10
haaretzcom,10
YoimSamy,8
T_Coombes,9
stephenfry,10
washingtonpost,14
astroehlein,11
BreakingNews,12
TellMamaUK,10
guardian,8
steveplrose,11
nytimes,7
juliamacfarlane,15
HuffPostUKPics,14
stillgray,9
iowahawkblog,12
arusbridger,11
fatihtezcan,11
CharlesMBlow,12
BBCBreaking,11
Independent,11
MrMattWilley,12
BuzzFeedNews,12
MailOnline,10
nytimes,7
MotherJones,11
stephenfry,10
LouiseMensch,12
Independent,11
BBCBreaking,11
TIME,4
Independent,11
sunny_hundal,12
stillgray,9
Telegraph,9
BBCWorld,8
WSJ,3
scottecs,8
DarrenBirdie,12
Pray4Pal,8
PeterTatchell,13
AHMalcolm,9
CEMB_forum,10
VogueParis,10
CNN,3
MEMMOSdubai,11
Nigel_Farage,12
iowahawkblog,12
BBCWorld,8
MonaChalabi,11
peddoc63,8
mashable,8
janascody,9
Salon,5
business,8
OpCharlieHebdo,14
ConservCityGirl,15
Independent,11
BiancaJagger,12
Kateryna_Kruk,13
RT_com,6
OpCharlieHebdo,14
Yair_Rosenberg,14
VanityFair,10
Tazeenahmad,11
WSJspeakeasy,12
TIME,4
thei100,7
Powerful_Pics,13
thatshaikh,10
VICEUK,6
radikal,7
moneyries,9
AamerAnwar,10
domdelport,10
Resistance48,12
MetroUK,7
PAPerrouty,10
stephenfry,10
nytimesworld,12
cnnbrk,6
Independent,11
JonasChr88,10
virsanghvi,10
USATODAY,8
guardian,8
guardian,8
ThisIsFusion,12
Graydio1,8
nytimesworld,12
TameraMowryTwo,14
AmmounAAY,9
mollycrabapple,14
remonwangxt,11
Independent,11
guardian,8
CERN,4
wikileaks,9
ChrisOB617,10
BonsaiSky,9
dhume,5
BBCBreaking,11
cnni,4
brainpicker,11
Heresy_Corner,13
WSJ,3
meganangelo,11
Independent,11
matthew_hunt,12
Independent,11
artnet,6
barbjonn,8
NewYorker,9
peta,4
AdamWagner1,11
Will_Antonin,12
conniebritton,13
HuffPostUK,10
WSJ,3
Team_Barrowman,14
CNN,3
nytimes,7
CNNMoney,8
parkertoons,11
AustinBasis,11
LadySandersfarm,15
mmfa,4
VICE,4
foreignoffice,13
ClassicPict,11
MailOnline,10
MrASingh,8
mathewi,7
natebeeler,10
WSJ,3
AmalFarahUK,11
goKicker,8
AJEnglish,9
IndyVoices,10
TanyaBurr,9
richardbranson,14
Sophie_Choudry,14
Max_Fisher,10
JaclynGlenn,11
World_Wildlife,14
timminchin,10
thedailybeast,13
vicenews,8
kavita_krishnan,15
TheEconomist,12
MartinRowson,12
RT_com,6
nytimes,7
thei100,7
Bipartisanism,13
Bipartisanism,13
Independent,11
Bipartisanism,13
BoingBoing,10
ravisomaiya,11
BuzzFeedUK,10
WSJ,3
eucopresident,13
2AFight,7
BBCWorld,8
peddoc63,8
CHARLENEKAYE,12
BBCtrending,11
MailOnline,10
LamHua,6
EFF,3
AFP,3
meganeellison,13
UN,2
RealAlexJones,13
McFaul,6
verge,5
CNNMoney,8
DanBilefsky,11
KseniaSolo,10
stevesilberman,14
nytimes,7
RT_com,6
mfgulenEN,9
BuzzFeed,8
doyouevendress,14
elhelwy,7
Mark_Beech,10
BenjaminNorton,14
nytimes,7
TonyParsonsUK,13
RandaHabib,10
nytimes,7
kim_tastiic,11
brownjenjen,11
TheGoodGodAbove,15
LisaDaftari,11
WSJ,3
guardian,8
smitharyy,9
UlrichJvV,9
JackofKent,10
exiledsurfer,12
IndiaToday,10
thedailybeast,13
MMourreau,9
flightradar24,13
De_Imperial,11
BungeeWedgie,12
TheUnRealTimes,14
Kon__K,6
IndyVoices,10
guardian,8
ShekharGupta,12
glazou,6
robi,4
Nigel_Farage,12
TIME,4
dougf24,7
Trevornoah,10
YoimSamy,8
SchoolChildhood,15
amylawrence71,13
DanHannanMEP,12
TheAdly,7
A_Liberty_Rebel,15
Patrick_Baz,11
amnesty,7
shu2un_arabiyya,15
MaryamNamazie,13
AJENews,7
UKIP,4
smitharyy,9
KhaledBeydoun,13
IzzaLeghtas,11
PzFeed,6
cnni,4
BradThor,8
MJibranNasir,12
joshchin,8
FredericJacobs,14
kimwillsher1,12
TariqRamadan,12
cossig,6
UNrightswire,12
LocalStigmatic,14
LibyaLiberty,12
ggiittiikkaa,12
ozchrisrock,11
dabeard,7
RT_com,6
cnnbrk,6
marcelkittel,12
Ilagee,6
RTUKnews,8
PinspirationThe,15
WSJ,3
brownjenjen,11
AmnestyUK,9
DenCroke,8
engadget,8
iyad_elbaghdadi,15
guardian,8
mindthrust,10
RLOppenheimer,13
ChrChristensen,14
TheNextWeb,10
HashashinTag,12
DAVIDMDRAIMAN,13
markhillary,11
cnnivideo,9
simonmacmichael,15
BrookesTimes,12
BBCBreaking,11
ChelseaZizou,12
rasyadrizq,10
BritishVogue,12
PeterWatson_,12
satishacharya,13
GregFleurot,11
Londonandreams,14
TODAYshow,9
NewDay,6
fivefifths,10
PostBaron,9
thevichar,9
RT_com,6
haaretzcom,10
WilliamsJon,11
RSS_Org,7
DanRebellato,12
nytimes,7
Songbird_uk,11
clydepmusic,11
ProSyndicate,12
PatrickvLeeuwen,15
HeadlinesToday,14
policecommander,15
bengoldacre,11
Israel,6
Telegraph,9
peddoc63,8
peddoc63,8
dhume,5
YoimSamy,8
peddoc63,8
TheAnonMessage,14
cnni,4
vicenews,8
ThePhilCoenen,13
arthur_affect,13
AFP,3
BreakingNews,12
mowbrayjackson,14
AdnanKhojah,11
BuzzFeedNews,12
WSJ,3
cnnbrk,6
HuffingtonPost,14
GarethIdeas,11
CBSNLive,8
EVKontorovich,13
CNNVideo,8
RT_com,6
CBCAlerts,9
TonyAbbottMHR,13
FoxNews,7
andersoncooper,14
nytimes,7
charlesfrith,12
Telegraph,9
griffwitte,10
ReutersLive,11
DilbaKurd,9
CBSNews,7
guardiannews,12
mathieuvonrohr,14
BBCBreaking,11
barbjonn,8
mashable,8
jmsardo,7
AJCGlobal,9
ShujaRabbani,12
guardian,8
cnni,4
washingtonpost,14
WSJ,3
NBCNews,7
HillelNeuer,11
EylonALevy,10
wikileaks,9
simoncobbs1,11
mrgeology,9
PrisonPlanet,12
rConflictNews,13
ShujaRabbani,12
MartynMcL,9
SkyNews,7
wikileaks,9
WSJ,3
CultureTrip,11
BBCBreaking,11
benshapiro,10
Techworm_in,11
SkyNews,7
britishroyals,13
RT_com,6
camanpour,9
TRobinsonNewEra,15
Observers,9
cnni,4
TelegraphNews,13
CNN,3
marko_ves,9
RT_com,6
mihirssharma,12
donatelladr,11
MartinDaubney,13
NBCNews,7
SkyNews,7
nytimes,7
Cameron_Gray,12
LBC,3
Newsroompostcom,15
iowahawkblog,12
SkyNews,7
AFPphoto,8
jvplive,7
ReutersLive,11
BBCNewsGraphics,15
SkyNews,7
weknowwhatsbest,15
LBC,3
AFPphoto,8
nytimes,7
MailOnline,10
GlenGilmore,11
b_judah,7
Telegraph,9
AviMayer,8
Rene,4
bobchurchill,12
FoxNews,7
AvivaKlompas,12
sbeaugeAFP,10
IMZ_Politics,12
benshapiro,10
Independent,11
johnspatricc,12
Patrick_Baz,11
StephaneArnaud_,15
AP,2
glen_mcgregor,13
SkyNews,7
benshapiro,10
AP,2
WSJ,3
steveplrose,11
AC360,5
MarkSteynOnline,15
StephaneArnaud_,15
cnnbrk,6
ProSyndicate,12
Telegraph,9
ArabDissident,13
ReutersLive,11
Slate,5
Bipartisanism,13
thetimes,8
mashable,8
Bipartisanism,13
MaanImranKhan,13
AbuKhadeejahSP,14
ACatInParis,11
Bipartisanism,13
AFPphoto,8
LadySandersfarm,15
PzFeed,6
Bipartisanism,13
SalafiPubs,10
ShoebridgeC,11
Bipartisanism,13
haaretzcom,10
cnni,4
SkyNews,7
iowahawkblog,12
BBCDanielS,10
AFPphoto,8
ClarenceHouse,13
CitizenRadio,12
ImadMesdoua,11
sunny_hundal,12
zeevs,5
faisalkutty,11
RTUKnews,8
haaretzcom,10
WSJ,3
Telegraph,9
Khanoisseur,11
MaherZains,10
BBCNewsGraphics,15
Bipartisanism,13
AltoyClaro1,11
TelegraphNews,13
thei100,7
DavidBCohen1,12
smitharyy,9
homo_viator,11
hikmahpubs,10
UKIP,4
SkyNews,7
BillNeelyNBC,12
Reuters,7
PzFeed,6
Reuters,7
FRANCE24,8
SkyNews,7
AFP,3
FRANCE24,8
SkyNews,7
ReutersLive,11
BreakingNews,12
rConflictNews,13
AFP,3
BBCBreaking,11
ZorcJoze,8
FRANCE24,8
cnnbrk,6
WSJ,3
TheWorldPost,12
RamiAlLolah,11
AFP,3
AP,2
PzFeed,6
Le_Figaro,9
YahooNewsUK,11
IanWoodsSky,11
FoxNews,7
cnnbrk,6
FamiliAnonymous,15
BBCBreaking,11
ReutersLive,11
cnni,4
Reuters,7
CBSNews,7
Reuters,7
cnnbrk,6
guardian,8
Harryslaststand,15
Mondoweiss,10
cloulessed,10
BBCBreaking,11
cnni,4
SkyNews,7
AP,2
nytimes,7
BreakingNews,12
AP,2
OMGitsAliA,10
guardian,8
SkyNews,7
Harryslaststand,15
RealDonalDrumpf,15
RT_com,6
aurelienbrd,11
BreakingNews,12
SkyNews,7
washingtonpost,14
ezraklein,9
CP24,4
FoxNews,7
mashable,8
HuffingtonPost,14
BBCBreaking,11
CBCAlerts,9
FRANCE24,8
France24_en,11
GerardAraud,11
GlobalGrindNews,15
business,8
AJEnglish,9
CBSNews,7
DLoesch,7
cnnbrk,6
USATODAY,8
dmrider,7
fmanjoo,7
CTVNews,7
VigilanteArtist,15
HuffPostUK,10
peddoc63,8
cnni,4
FoxNews,7
cnni,4
Reuters,7
MarketWatch,11
AC360,5
TheWorldPost,12
CNN,3
foxnewsalert,12
BreakingNews,12
guardian,8
iowahawkblog,12
taslimanasreen,14
nytimesworld,12
NTarnopolsky,12
hildyjohns,10
LisaDaftari,11
brianstelter,12
AFPphoto,8
SkyNews,7
thompwalker,11
vicenews,8
mashable,8
BBCBreaking,11
Parazhit,8
AP,2
FRANCE24,8
H_E_Samuel,10
euronews,8
Channel4News,12
AlArabiya_Eng,13
SkyNewsBreak,12
SkyNews,7
marcburleigh,12
Independent,11
jenanmoussa,11
BreakingNews,12
JFXM,4
ynetnews,8
FoxNews,7
RT_com,6
jenanmoussa,11
mathieuvonrohr,14
standardnews,12
EricWRandolph,13
WSJ,3
BBCBreaking,11
tnewtondunn,11
SkyNewsBreak,12
AnnetteF24,10
marcburleigh,12
guardian,8
AFPphoto,8
LibyaLiberty,12
BBCBreaking,11
AFPphoto,8
SkyNewsBreak,12
Telegraph,9
SkyNews,7
RT_com,6
FRANCE24,8
SkyNews,7
timothy_stanley,15
cnni,4
guardian,8
MailOnline,10
BBCBreaking,11
Independent,11
AFPphoto,8
FRANCE24,8
BreakingNews,12
adelesmithNYC,13
MailOnline,10
piersmorgan,11
Telegraph,9
jessicaelgot,12
AFPphoto,8
fgeffardAFP,11
MailOnline,10
DailyMirror,11
TIME,4
BBCBreaking,11
mathieuvonrohr,14
MailOnline,10
AP,2
KayBurley,9
Charles_Lister,14
TelegraphNews,13
peterallenparis,15
thedailybeast,13
jenanmoussa,11
AFPphoto,8
connellyandrew,14
RachelDonadio,13
TRobinsonNewEra,15
AllawziSalim,12
euronews,8
guardiannews,12
Channel4News,12
jonsnowC4,9
thei100,7
SkyNewsBreak,12
BBCBreaking,11
SkyNews,7
PriceSlicerUK,13
Independent,11
guardian,8
CecileBrisson,13
cnnbrk,6
NickKristof,11
jamiewrit,9
TelegraphNews,13
business,8
Colvinius,9
USATODAY,8
RT_com,6
rConflictNews,13
aellick,7
ManhattanDoc,12
TIME,4
SkyNews,7
MurtazaGeoNews,14
RT_com,6
TheAnonMessage,14
kimwillsher1,12
MailOnline,10
RT_com,6
Independent,11
WSJ,3
vicenews,8
CNN,3
AJENews,7
RT_com,6
SputnikInt,10
daphneedenis,12
Whoozley,8
wikileaks,9
LukeReuters,11
mjrharris,9
notrexmurphy,12
TurkKick,8
bouckap,7
VICE,4
AgnesCPoirier,13
Independent,11
France24_en,11
Telegraph,9
HuffPostUK,10
BBCWorld,8
thedailybeast,13
Channel4News,12
AFPphoto,8
sbeaugeAFP,10
BBCBreaking,11
EliotHiggins,12
MaxAbrahms,10
WSJ,3
Charles_Lister,14
SkyNewsBreak,12
SkyNews,7
BBCBreaking,11
MashableNews,12
RT_com,6
cnni,4
cnnbrk,6
RT_com,6
FoxNews,7
washingtonpost,14
RT_com,6
thedailybeast,13
Slate,5
gert_lang_,10
tmpear,6
juliamacfarlane,15
yildirim_turker,15
Renzo_Soprano,13
jmsardo,7
Suhelis,7
AnonOpsLegion,13
Ironyisfunny8,13
MelanieTait,11
bkjabour,8
jensbest,8
AFP,3
JeffersonObama,14
HuffPostCanada,14
BBCBreaking,11
ajplus,6
MattNavarra,11
World_newsstand,15
thedahlimmama,13
Mama4Obama1,11
greenhousenyt,13
TelegraphNews,13
profdmcinnes,12
ThePoke,7
SkyNewsBreak,12
TelegraphNews,13
dandemoustier,13
BreakingNews,12
NBCNews,7
BBCBreaking,11
BuzzFeedUK,10
Independent,11
thei100,7
NBCNews,7
WSJ,3
KeyaMorgan,10
iBinThaleth,11
RT_com,6
monaeltahawy,12
BBCBreaking,11
SkyNews,7
Telegraph,9
SkyNewsBreak,12
Independent,11
RT_com,6
bbclysedoucet,13
Telegraph,9
BBCBreaking,11
AJEnglish,9
darshnasoni,11
NBCNews,7
BBCtrending,11
ABC,3
SkyNews,7
Pisarski,8
Independent,11
Independent,11
ozchrisrock,11
cnni,4
cnnbrk,6
juliamacfarlane,15
mashable,8
NBCNews,7
ohboywhatashot,14
moneyries,9
sdkstl,6
EmergentDotInfo,15
Independent,11
WSJ,3
erichbergen,11
BreakingNews,12
BBCOS,5
ArmedResearch,13
CronkiteSays,12
BBCWorld,8
russian_market,14
BBCChrisMorris,14
Le_Figaro,9
BBCBreaking,11
AFP,3
business,8
SkyNewsBreak,12
TelegraphNews,13
WSJ,3
Independent,11
SkyNews,7
NBCNews,7
AJEnglish,9
INTLSpectator,13
itvnews,7
BreakingNews,12
FRANCE24,8
cnni,4
BreakingNews,12
NBCNews,7
abcnews,7
BBCBreaking,11
ABC,3
AP,2
RT_com,6
Independent,11
SkyNews,7
FoxNews,7
BBCBreaking,11
MailOnline,10
AFP,3
RT_com,6
WSJ,3
BreakingNews,12
RT_com,6
SkyNewsBreak,12
nytimes,7
FRANCE24,8
BBCBreaking,11
nytimes,7
brownjenjen,11
BBCBreaking,11
timsullivan23,13
NBCNews,7
HuffingtonPost,14
guardiannews,12
cnnbrk,6
WSJ,3
Telegraph,9
AP,2
FoxNews,7
AFP,3
cnnbrk,6
FRANCE24,8
BBCBreaking,11
WSJ,3
RT_com,6
TIME,4
AP,2
BBCBreaking,11
RT_com,6
WSJ,3
AFPphoto,8
BBCBreaking,11
afneil,6
FoxNews,7
TelegraphPics,13
BBCBreaking,11
Telegraph,9
Observers,9
RobNisbetSky,12
MailOnline,10
RT_com,6
cnni,4
BBCBreaking,11
cnni,4
cnnbrk,6
AFP,3
BBCBreaking,11
NBCNews,7
SkyNewsBreak,12
BBCBreaking,11
SkyNewsBreak,12
CNN,3
AFPphoto,8
NewsOnTheMin,12
WSJ,3
AP,2
TheAnonMessage,14
SkyNewsBreak,12
mashable,8
AFP,3
haaretzcom,10
SkyNewsBreak,12
RT_com,6
SkyNews,7
guardian,8
FRANCE24,8
thedailybeast,13
FRANCE24,8
RT_com,6
Independent,11
PzFeed,6
nytimes,7
SkyNewsBreak,12
AFP,3
CBSNews,7
SkyNews,7
FRANCE24,8
France24_en,11
euronews,8
taylorgroupusa,14
PzFeed,6
HuffPostUK,10
AFP,3
RT_com,6
ABC,3
AFP,3
AP,2
FRANCE24,8
France24_en,11
guardiannews,12
FRANCE24,8
WSJ,3
SkyNewsBreak,12
RT_com,6
MailOnline,10
SkyNews,7
guardian,8
FRANCE24,8
AP,2
AnshelPfeffer,13
SkyNews,7
AFP,3
ABC,3
haaretzcom,10
France24_en,11
SkyNewsBreak,12
Annabellvdb,11
BklynMiddleton,14
FoxNews,7
FoxNews,7
JulienPain,10
TIME,4
USATODAY,8
AFPphoto,8
AP,2
AP,2
ShirazMaher,11
RT_com,6
Reuters,7
WSJ,3
peoplemag,9
PzFeed,6
AP,2
BBCBreaking,11
rConflictNews,13
JulienPain,10
BreakingNews,12
AFP,3
mashable,8
rConflictNews,13
yurybarmin,10
SkyNews,7
afneil,6
SkyNewsBreak,12
RT_com,6
JulienPain,10
SkyNews,7
cnnbrk,6
PzFeed,6
iankeithtom,11
cnnbrk,6
SkyNews,7
nytimes,7
SkyNewsBreak,12
AvitalLeibovich,15
debra_kamin,11
AP,2
IsraelHatzolah,14
SkyNews,7
ABC,3
AP,2
PzFeed,6
DanBilefsky,11
AP,2
ABC,3
SkyNewsBreak,12
AP,2
SkyNews,7
WSJ,3
FoxNews,7
cnnbrk,6
cnni,4
AP,2
cnnbrk,6
euronews,8
KayBurley,9
France24_en,11
PzFeed,6
AFP,3
RT_com,6
SkyNews,7
cnnbrk,6
AFPphoto,8
FRANCE24,8
France24_en,11
SkyNewsBreak,12
AgnesCPoirier,13
mattfrei,8
MailOnline,10
cjwerleman,10
bbc5live,8
FRANCE24,8
HuffingtonPost,14
Le_Figaro,9
AFPphoto,8
SunNewsdesk,11
Telegraph,9
USATODAY,8
SkyNewsBreak,12
AP,2
AFPphoto,8
WSJ,3
AFP,3
PzFeed,6
Telegraph,9
FRANCE24,8
Reuters,7
Tburgeswatson,13
AFPphoto,8
SkyNews,7
CBCAlerts,9
AFP,3
BBCBreaking,11
SkyNews,7
AJENews,7
SkyNewsBreak,12
annaxsweat,10
AntonioFrench,13
AntonioFrench,13
Cassie_Xtassy,13
JChiron18,9
JChiron18,9
BradWillis,10
jay_slypig,10
ElizabethKSDK,13
LewisGD,7
traciethoms,11
AntonioFrench,13
AngryBlackLady,14
AntonioFrench,13
TonyGaskins,11
tariqnasheed,12
TonyGaskins,11
TheObamaDiary,13
lakia_p,7
QuiltingMuriel,14
TheObamaDiary,13
dopegirlfresh,13
dopegirlfresh,13
QuiltingMuriel,14
christocarbone,14
lolitasaywhat,13
gabra_cadabra,13
sarahkendzior,13
SoulRevision,12
lolitasaywhat,13
AntonioFrench,13
LocaFMCGB,9
MichaelSkolnik,14
_peech,6
MichaelSkolnik,14
_peech,6
MichaelSkolnik,14
TheObamaDiary,13
MichaelSkolnik,14
vcmitchelljr,12
sarahkendzior,13
ReignOfApril,12
heisenburrger,13
AntonioFrench,13
TammieHolland,13
AntonioFrench,13
AntonioFrench,13
BunBTrillOG,11
AntonioFrench,13
NerdyWonka,10
AntonioFrench,13
edeweysmith,11
linc0lnpark,11
MichaelSkolnik,14
AntonioFrench,13
ReignOfApril,12
AntonioFrench,13
PlayVicious,11
TheObamaDiary,13
sarahkendzior,13
IngaNandiwillis,15
PlayVicious,11
PresidentPat,12
PlayVicious,11
MichaelSkolnik,14
mollycrabapple,14
brennamuncy,11
GivethNoFucketh,15
SoulRevision,12
Dreamdefenders,14
GrooveSDC,9
_westwest_yall,14
budLightVillain,15
LuLuBunni1,10
kayoazul,8
AntonioFrench,13
I_HATE_VA,9
tommyxtopher,12
AntonioFrench,13
_GaelEB,7
BunBTrillOG,11
lolitasaywhat,13
AntonioFrench,13
AntonioFrench,13
MrStevenGeorge,14
AntonioFrench,13
bannerite,9
AntonioFrench,13
Tiffanydloftin,14
NerdyWonka,10
SoulRevision,12
AntonioFrench,13
Newyorkist,10
ElizabethKSDK,13
createdbyerica,14
WyzeChef,8
CassandraRules,14
createdbyerica,14
ReignOfApril,12
NIKKI_T,7
MichaelSkolnik,14
capetownbrown,13
sarahkendzior,13
JRehling,8
MichaelSkolnik,14
UncleRUSH,9
capetownbrown,13
corruptcopsTX,13
capetownbrown,13
AntonioFrench,13
MichaelSkolnik,14
kharyp,6
YourAnonNews,12
VABVOX,6
tommyxtopher,12
tommyxtopher,12
OccupiedTimes,13
PoliticsPeach,13
ItsDLeon,8
Marmel,6
AntonioFrench,13
kharyp,6
TheRoot,7
AntonioFrench,13
BWildeCTV,9
AntonioFrench,13
RIGHTJUST843,12
MichaelSkolnik,14
bjork55,7
AntonioFrench,13
UncleRUSH,9
Marmel,6
AntonioFrench,13
AntonioFrench,13
AntonioFrench,13
AntonioFrench,13
caulkthewagon,13
AntonioFrench,13
AntonioFrench,13
iHitModelsRaw,13
AntonioFrench,13
MichaelSkolnik,14
AntonioFrench,13
MichaelSkolnik,14
GrooveSDC,9
zenlikefury,11
AntonioFrench,13
AntonioFrench,13
AntonioFrench,13
adept2u,7
brokeymcpoverty,15
AntonioFrench,13
YourAnonNews,12
YourAnonNews,12
lordxmen2k,10
jamiekilstein,13
kupkakekami,11
AntonioFrench,13
TheOnlyReed,11
walterwkatz,11
TLaTela,7
Marmel,6
AntonioFrench,13
tariqnasheed,12
kharyp,6
FOX2now,7
corruptcopsTX,13
EricWolfson,11
3ChicsPolitico,14
AttitudeRih_,12
slb79,5
sfpelosi,8
ShowTimeDeonta,14
MMGTerrick24,12
Dreamdefenders,14
Dreamdefenders,14
michaelcalhoun,14
dierdrelewis,12
QuiltingMuriel,14
AntonioFrench,13
AntonioFrench,13
BillyInked,10
Marmel,6
AntonioFrench,13
AntonioFrench,13
MariaLiaCalvo,13
AntonioFrench,13
RiverfrontTimes,15
Dreamdefenders,14
AntonioFrench,13
blackink12,10
ColorOfChange,13
Crypt0nymous,12
rortybomb,9
PoliticsNation,14
Newsweek,8
EliKMBC,7
YourAnonNews,12
tishaura,8
hamletgarcia17,14
blackink12,10
ComplexMag,10
BET,3
walterolson,11
drgoddess,9
HalDockins,10
drgoddess,9
drgoddess,9
drgoddess,9
drgoddess,9
drgoddess,9
drgoddess,9
syndicalisms,12
AntonioFrench,13
AntonioFrench,13
AntonioFrench,13
AntonioFrench,13
AntonioFrench,13
AntonioFrench,13
Nettaaaaaaaa,12
NatureGuy101,12
tishaura,8
mattyglesias,12
AntonioFrench,13
AntonioFrench,13
mflann,6
KhaledBeydoun,13
YourAnonNews,12
ShaunKing,9
andybankertv,12
GeoffRickly,11
TeaPartyCat,11
AmyMek,6
jrzygirlinfla,13
mattdpearce,11
ProfessorCrunk,14
occupythemob,12
AntonioFrench,13
AntonioFrench,13
iMONST3R,8
mattdpearce,11
AntonioFrench,13
PresReed,8
Nettaaaaaaaa,12
jamalhbryant,12
MsPackyetti,11
HalpernAlex,11
jblack501c3,11
EliKMBC,7
PDPJ,4
ForRevolution,13
Muna_Mire,9
mattdpearce,11
mattdpearce,11
CaseyNolen,10
YourAnonGlobal,14
RayDowns,8
AntonioFrench,13
CaseyNolen,10
princebraden,12
princebraden,12
colonelpotter1,14
jonrog1,7
YourAnonGlobal,14
akronwobbly,11
AntonioFrench,13
mattdpearce,11
AntonioFrench,13
paulbenedict7,13
SoulRevision,12
ZaidJilani,10
AntonioFrench,13
Nettaaaaaaaa,12
PDPJ,4
aemccarthy,10
TheGoodGodAbove,15
BET,3
valeriehahn,11
SE_Progress,11
YourAnonGlobal,14
manofsteele,11
AntonioFrench,13
Nettaaaaaaaa,12
AntonioFrench,13
valeriehahn,11
AntonioFrench,13
umairh,6
kodacohen,9
umairh,6
Nettaaaaaaaa,12
Nettaaaaaaaa,12
HSamyAlim,9
Newsweek,8
tysonmanker,11
Nettaaaaaaaa,12
StupidTeanuts,13
nicklito_,9
TheePharoah,11
traciethoms,11
MossyGene,9
AntonioFrench,13
KhaledBeydoun,13
Nettaaaaaaaa,12
kevinDAtruth88,14
stevenoh88,10
CassandraRules,14
PrisonPlanet,12
spiffyrocks,11
PrisonPlanet,12
PrisonPlanet,12
MCHammer,8
NIGNORAMUS,10
nagoul1,7
RWwatchMA,9
Simplemachines_,15
AntheaButler,12
DahmPublishing,14
NikkiWoods,10
AntonioFrench,13
thesoulasylum,13
ksdknews,8
AntonioFrench,13
WesleyLowery,12
AntonioFrench,13
WesleyLowery,12
jackfrombkln,12
etanthomas36,12
blackgirlinmain,15
ChrSexMaven,11
GlobalGrindNews,15
stlpublicradio,14
TheBaxterBean,13
WesleyLowery,12
zellieimani,11
TheEconomist,12
occupythemob,12
ProfessorCrunk,14
AntonioFrench,13
splcenter,9
MatthewKick,11
WesleyLowery,12
TeaPartyCat,11
RealMattKane,12
Marmel,6
GOPTeens,8
SoulRevision,12
BillMoyersHQ,12
ClayPerryMusic,14
David_EHG,9
ClayPerryMusic,14
LauraKHettiger,14
TalibKweli,10
pmocek,6
CitizenRadio,12
thelittleidiot,14
RealAlexJones,13
WesleyLowery,12
RiseCoffeeSTL,13
WesleyLowery,12
Ladyy_Rhe,9
Marmel,6
TheFinalCall,12
BrianDominick,13
WesleyLowery,12
GeoffThorne,11
PDPJ,4
WesleyLowery,12
ryanjreilly,11
WesleyLowery,12
Nettaaaaaaaa,12
ryanjreilly,11
AntonioFrench,13
GeeDee215,9
RiseCoffeeSTL,13
WillMcAvoyACN,13
SoulRevision,12
WesleyLowery,12
YourAnonNews,12
GlobalGrindNews,15
SLMPD,5
BmoreConetta,12
funlibertarian,14
Copwatch,8
AntonioFrench,13
Slate,5
saladinahmed,12
leisazigman,11
larryelder,10
larryelder,10
ChrisCubas,10
Panger2014,10
AmyMek,6
TheRevAl,8
Nettaaaaaaaa,12
AmyMek,6
ACLU,4
Copwatch,8
princebraden,12
WesleyLowery,12
legalizepotusa,14
AntonioFrench,13
XLNB,4
AntonioFrench,13
KeeganNYC,9
Alyssa_Milano,13
atmosphere,10
MichaelMechanic,15
ksdknews,8
WeRAllAnonymous,15
NFLGoodwitch,12
WeRAllAnonymous,15
rxpatrick,9
SoulRevision,12
mattdpearce,11
fuzethemc,9
Anon_GovWatchCA,15
AmyMek,6
RobertDEdwards,14
monaeltahawy,12
LauraKHettiger,14
AmyMek,6
nycjim,6
RobertDEdwards,14
andylassner,11
BridjesONeil,12
aterkel,7
AntonioFrench,13
TeaPartyCat,11
ProPublica,10
CaseyNolen,10
LaurieSkrivan,13
charles270,10
LaurieSkrivan,13
nycjim,6
AntonioFrench,13
solimanderrrr,13
Occupied_Nation,15
TuxcedoCat,10
alicesperi,10
WesleyLowery,12
StLHandyMan,11
RobertDEdwards,14
ryanjreilly,11
KMOV,4
AndreyPanevin,13
YoungJeezy,10
kharyp,6
Nettaaaaaaaa,12
ndiblasio,9
hrw,3
nealcarter,10
elonjames,9
TheRoot,7
thedailybeast,13
ShroudSciuridae,15
sebwalker,9
markbland,9
FOX2now,7
ryanjreilly,11
BigBoi,6
alicesperi,10
ryanjreilly,11
elonjames,9
FOX2now,7
brokeymcpoverty,15
FOX2now,7
JoshuaHol,9
elonjames,9
AntonioFrench,13
PDPJ,4
mattblaze,9
elonjames,9
BigBoi,6
AntonioFrench,13
AntonioFrench,13
PDPJ,4
ryanjreilly,11
JJohnsonKMOV,12
ImranHSarker,12
YourAnonNews,12
YourAnonNews,12
YourAnonNews,12
RT_com,6
BmoreConetta,12
BranTheDon_,11
YourAnonGlobal,14
elonjames,9
YourAnonNews,12
WesleyLowery,12
dangillmor,10
elonjames,9
YourAnonNews,12
sebwalker,9
BmoreConetta,12
Karnythia,9
CharlesMBlow,12
ImranHSarker,12
wagner_darren,13
BmoreConetta,12
AntonioFrench,13
Nettaaaaaaaa,12
AntonioFrench,13
PaulSzoldra,11
Joe_Schmucc,11
KoranAddo,9
BoingBoing,10
mattblaze,9
KoranAddo,9
YourAnonNews,12
elonjames,9
Green_Footballs,15
BmoreConetta,12
Crypt0nymous,12
Jonssonville,12
elonjames,9
elonjames,9
YourAnonNews,12
BmoreConetta,12
TUSK81,6
YourAnonNews,12
PaulSzoldra,11
BmoreConetta,12
BmoreConetta,12
xuhulk,6
elonjames,9
YourAnonNews,12
Nettaaaaaaaa,12
jelani9,7
SOSpodcast,10
ImranHSarker,12
YourAnonNews,12
fordm,5
matt_tharp,10
PaulSzoldra,11
xor,3
Nettaaaaaaaa,12
grasswire,9
alicesperi,10
Crypt0nymous,12
grasswire,9
AntonioFrench,13
TheAPJournalist,15
walterwkatz,11
Karnythia,9
YourAnonNews,12
umairh,6
AntonioFrench,13
Joe_Schmucc,11
SOSpodcast,10
TheObamaDiary,13
BmoreConetta,12
Astro_Hanso,11
jelani9,7
TVMarci,7
sa_roux,7
AntonioFrench,13
KentonTilford,13
Joe_Schmucc,11
SoloExMachina,13
iSmashFizzle,12
Anon2earth,10
YourAnonNews,12
AntheaButler,12
MichaelSkolnik,14
YNPierce,8
grasswire,9
hystericalblkns,15
occupythemob,12
YourAnonNews,12
LauraKeeney,11
AntonioFrench,13
zaibatsu,8
anildash,8
ArchbishopYoung,15
cnni,4
AllysonxGill,12
ArchbishopYoung,15
ISwearIAintHit,14
ReQCartier,10
JoyAnnReid,10
AnonymousPress,14
aaronernst,10
grasswire,9
JFXM,4
Suntimes,8
Nettaaaaaaaa,12
TheAnonMessage2,15
JFXM,4
YourAnonNews,12
TheAnonMessage2,15
MateCosido,10
RT_com,6
WSJ,3
FergusonUnity,13
OccupyLondon,12
WallyBeamin,11
AnonyOps,8
alphabetsuccess,15
Newsweek,8
Steiner1776,11
AnonOpsLegion,13
C0d3fr0sty,10
blackvoices,11
Shellspeare,11
TheAnonMessage2,15
RiotfromWrong,13
alphabetsuccess,15
PrisonPlanet,12
BlackIrishI,11
MichaelSkolnik,14
Belalmd12,9
wessmith123,11
RT_com,6
MichaelSkolnik,14
zaibatsu,8
PCKeeper,8
Popehat,7
MiaFarrow,9
CNNKatelyn,10
EricWolfson,11
USATODAY,8
NoShock,7
shebe86,7
shebe86,7
thecrisismag,12
thecrisismag,12
NewDay,6
kharyp,6
walterolson,11
garyyounge,10
LondonBlackRevs,15
ostadjaan,9
HuffPostPol,11
AnonyOps,8
larryelder,10
cnnireport,10
TPM,3
TalibKweli,10
AntonioFrench,13
MatthewKick,11
ryanjreilly,11
PressTV,7
LauraKHettiger,14
plussone,8
KatieGonzalez12,15
garyyounge,10
occupythemob,12
RapGenius,9
UncleRUSH,9
FOX2now,7
stltoday,8
alanblinder,11
MichaelSkolnik,14
NBCNews,7
TheRoot,7
Smith83K,8
alpha1906,9
UniteBlueKY,11
DreadlockDipset,15
TheAnonMessage2,15
nkjemisin,9
MotherJones,11
sigridellis,11
Marmel,6
TheAnonMessage2,15
PrestonMitchum,14
mollycrabapple,14
PrestonMitchum,14
Harvard_Law,11
jamalhbryant,12
Nettaaaaaaaa,12
CapehartJ,9
jamalhbryant,12
MichaelSkolnik,14
amnesty,7
MiaFarrow,9
blackmadonnachi,15
democracynow,12
3ChicsPolitico,14
ACLU,4
ryanjreilly,11
WayneDupreeShow,15
CNN,3
AfricanaCarr,12
BillyCorben,11
larryelder,10
rolandsmartin,13
Consider_This3,14
GetWisdomDude,13
ImJustHereLivin,15
occbaystreet,12
FreeTopher,10
syndicalisms,12
larryelder,10
YourAnonGlobal,14
fallongreen15,13
YourAnonNews,12
jaeahjlee,9
AntonioFrench,13
JohnHenryKSDK,13
YourAnonGlobal,14
AntonioFrench,13
ACLU,4
elisacrouch,11
TwitterData,11
AntonioFrench,13
AntonioFrench,13
ryanjreilly,11
AnonyOps,8
AntonioFrench,13
SusanSarandon,13
PatMcGonigleNBC,15
AntonioFrench,13
AntonioFrench,13
AntonioFrench,13
elonjames,9
USATODAY,8
elonjames,9
MotherJones,11
Yakiblog,8
BmoreConetta,12
saveNRG,7
ACLU,4
AnonyOps,8
TarekFatah,10
YourAnonGlobal,14
mashable,8
piersmorgan,11
YourAnonGlobal,14
RaniaKhalek,11
MarlonWayans,12
YourAnonNews,12
msnbc,5
Jarjarbug,9
joseiswriting,13
kumailn,7
prisonculture,13
clydetheslyde,13
thenation,9
PrestonMitchum,14
fightfortheftr,14
BBCWorld,8
HuffingtonPost,14
davidsirota,11
stephenfhayes,13
yourtake,8
kim_tastiic,11
khamenei_ir,11
larryelder,10
ACLU,4
khamenei_ir,11
edeweysmith,11
Nettaaaaaaaa,12
cjwerleman,10
khamenei_ir,11
WesleyLowery,12
khamenei_ir,11
blowticious,11
CapehartJ,9
CapehartJ,9
AntonioFrench,13
tjholmes,8
footklansoldier,15
BradWillis,10
ResistanceER,12
AamerISmad,10
RayBeckerman,12
_maryec,7
Eric_Haywood,12
WSJspeakeasy,12
PresReed,8
zeynep,6
STLAbuBadu,10
MotherJones,11
ryanjreilly,11
thenation,9
moody,5
jaredbkeller,12
occupythemob,12
RealAlexJones,13
occupythemob,12
occupythemob,12
AnonymousPress,14
num1_fan,8
YourAnonGlobal,14
NewYorker,9
YourAnonNews,12
MiamiLib,8
cmclymer,8
LisaBloom,9
chrislhayes,11
TUSK81,6
cmclymer,8
cmclymer,8
mashable,8
jouerdur,8
JeniferLewis,12
christianism,12
ACLU,4
Sifill_LDF,10
AntonioFrench,13
Sifill_LDF,10
Slate,5
kudipeaches,11
Newsweek,8
ForeignPolicy,13
ACLU,4
thenation,9
DIBHakanFidan,13
sabokitty,9
fightfortheftr,14
TheRoot,7
AntonioFrench,13
DrBasselAbuward,15
TheEyeOfControl,15
omarsuleiman504,15
RealAlexJones,13
the_intercept,13
KathrynBruscoBk,15
Darkside,8
TefPoe,6
kim_tastiic,11
alexheuer,9
KevDGrussing,12
TEDTalks,8
AntonioFrench,13
ryanjreilly,11
MissAngelaDavis,15
aclu_mo,7
wikileaks,9
TVMarci,7
EricWolfson,11
DrBasselAbuward,15
rhrealitycheck,14
TheJazzyBelle,13
TheEyeOfControl,15
bobby_griffith,14
ACLU,4
ZerlinaMaxwell,14
hollywood_trey,14
ACLU,4
vondellswain,12
kathygriffin,12
LadySandersfarm,15
BlueNationUntd,14
Marmel,6
DrBasselAbuward,15
AnonyOps,8
bkesling,8
ryanodonnell,12
JamesPMorrison,14
zellieimani,11
elonjames,9
stevegiegerich,14
ItsDLeon,8
CaseyNolen,10
TruthfulOrator,14
AnthonyCumia,12
1Marchella,10
AmeenaGK,8
inthefade,9
rtgarden,8
MichaelSkolnik,14
MichaelSkolnik,14
Ana_Mubasher,12
3ChicsPolitico,14
YourAnonGlobal,14
Virtuous_QueenT,15
MichaelSkolnik,14
syndicalisms,12
Nettaaaaaaaa,12
MichaelSkolnik,14
MichaelSkolnik,14
QuadCityPat,11
QuadCityPat,11
iboudreau,9
SoulRevision,12
unpreachedtruth,15
AnonymousPress,14
BridjesONeil,12
clydetheslyde,13
WyzeChef,8
nagoul1,7
Nettaaaaaaaa,12
AllisonBlood,12
ksdknews,8
valeriehahn,11
valeriehahn,11
occbaystreet,12
occbaystreet,12
HuffingtonPost,14
kmoxnews,8
USATODAY,8
AntonioFrench,13
MichaelSkolnik,14
occupythemob,12
aterkel,7
GlobalGrind,11
Alyssa_Milano,13
larryelder,10
RokBailey,9
AmyMek,6
Malt_bia,8
vondellswain,12
YourAnonNews,12
maxkeiser,9
RaniaKhalek,11
TheAnonMessage2,15
ABC,3
RyanDeanKSDK,12
TheAnonMessage2,15
NBCNews,7
michaelcalhoun,14
AntonioFrench,13
USATODAY,8
mashable,8
dklevan,7
ChrissyCole,11
ReutersUS,9
CNN,3
sophiajanmoore,14
TheAnonMessage2,15
blackvoices,11
mashable,8
AnonyOps,8
AntonioFrench,13
RT_com,6
tariqnasheed,12
NerdyWonka,10
ComplexPop,10
FoxNews,7
ABC,3
DanteB4u,8
edeweysmith,11
HeyDrWilson,11
CNNVideo,8
DreadlockDipset,15
Yamiche,7
keithboykin,11
scATX,5
MichaelaAngelaD,15
DIANAZOGA,9
ThroatChopU,11
scATX,5
TheAnonMessage2,15
TheAnonMessage2,15
roseneath_rd,12
Nettaaaaaaaa,12
hollywood_trey,14
FoxNews,7
Chris_1791,10
Nettaaaaaaaa,12
AntonioFrench,13
zellieimani,11
aterkel,7
Nettaaaaaaaa,12
jaelithe,8
ReignOfApril,12
imillhiser,10
mashable,8
DavidCornDC,11
jsguntzel,9
SistahScholar,13
NBCNews,7
capetownbrown,13
DreadlockDipset,15
scarylawyerguy,14
wizdom4you,10
elonjames,9
GrooveSDC,9
SnottieDrippen,14
jamalhbryant,12
DreadlockDipset,15
owillis,7
TheAnonMessage2,15
djvjgrrl,8
afroazn,7
MichaelaAngelaD,15
AlexLittleTN,12
YourAnonLive,12
MickSweetman,12
rolandsmartin,13
LisaBloom,9
brettblumekmox,14
footklansoldier,15
OrionBuckingham,15
GrooveSDC,9
stevesilberman,14
AntonioFrench,13
rkn429,6
larryelder,10
itsthatseanguy,14
elonjames,9
lousycanuck,11
NBCNews,7
MoMs_XoXoxo,11
JustinGlawe,11
CharlesMBlow,12
msnbc,5
HaroldItz,9
AamerISmad,10
AngryBlackLady,14
PaulSzoldra,11
vicenews,8
140elect,8
LisaBloom,9
MicahSingleton,14
BigBoi,6
PastorSilver,12
Quis11_,7
theonlyadult,12
gregpinelo,10
CousinDangereux,15
twice_sifted,12
PrisonPlanet,12
Terr,4
YourAnonGlobal,14
flavius217,10
YourAnonLive,12
GoddamnedBear,13
TheAnonMessage2,15
ReignOfApril,12
TheAnonMessage2,15
ReignOfApril,12
ReignOfApril,12
ReignOfApril,12
ReignOfApril,12
BBCNewsUS,9
YourAnonNews,12
TPM,3
ReutersUS,9
BillyCorben,11
originalgriz,12
TheRoot,7
Ras_Al_Ghuuch,13
elonjames,9
edeweysmith,11
zellieimani,11
piersmorgan,11
GODsEcho_,9
greenhousenyt,13
TPM,3
AngryBlackLady,14
zellieimani,11
UniteBlueTX,11
FrankConniff,12
kristinpuhl,11
gretawire,9
mashable,8
Salon,5
Bretagne,8
TheAnonMessage2,15
TheDailyEdge,12
Skrill_Dilly,12
TheRevAl,8
CNNVideo,8
newsneighbor,12
RT_com,6
YesYoureRacist,14
tjholmes,8
ComplexMag,10
emma_fRhost2,12
Lawrence,8
AntonioFrench,13
themarkberman,13
tjholmes,8
jbendery,8
AntonioFrench,13
ZerlinaMaxwell,14
BigBoi,6
themarkberman,13
michaelcalhoun,14
tjholmes,8
Lawrence,8
RobertDEdwards,14
michaelcalhoun,14
tonymess,8
aterkel,7
JoeBriggsEsq,12
gabegutierrez,13
ZerlinaMaxwell,14
No_Cut_Card,11
Lawrence,8
thleenzo,8
tjholmes,8
tjholmes,8
ZerlinaMaxwell,14
MrJamesFortune,14
No_Cut_Card,11
ProfessorCrunk,14
tjholmes,8
owillis,7
MrJamesFortune,14
NBCNews,7
NerdyWonka,10
ZerlinaMaxwell,14
elonjames,9
NefariousNewt,13
Bossip,6
elonjames,9
GlobalGrindNews,15
elonjames,9
elonjames,9
TPM,3
Yahoo,5
TheDailyEdge,12
AngryBlackLady,14
CheathamKMOV,12
lena_tansey,11
Nettaaaaaaaa,12
BrennanLM,9
TheRoot,7
SoulRevision,12
AngryBlackLady,14
thelittleidiot,14
jelani9,7
SoulRevision,12
rolandsmartin,13
rolandsmartin,13
AnonymousPress,14
WSJ,3
ReutersUS,9
TPM,3
thelittleidiot,14
thelittleidiot,14
hollywood_trey,14
Astorix23,9
Bidenshairplugs,15
EricWolfson,11
Bidenshairplugs,15
LisaBloom,9
andybankertv,12
CheathamKMOV,12
jelani9,7
Heritage,8
vplus,5
elonjames,9
Ian56789,8
TheDailyEdge,12
TheEyeOfControl,15
Marmel,6
ProfessorCrunk,14
AnonyOps,8
324cat,6
BBCRosAtkins,12
f4izalhassan,12
MattNavarra,11
BBCRosAtkins,12
rConflictNews,13
ReutersAero,11
flightradar24,13
planefinder,11
ChannelNewsAsia,15
airlivenet,10
flightradar24,13
cnnbrk,6
RT_com,6
Independent,11
cnni,4
flightradar24,13
marshall_mcf,12
BBCBreaking,11
airlivenet,10
TelegraphWorld,14
rapplerdotcom,13
Independent,11
TODAYshow,9
Independent,11
AP,2
foxandfriends,13
thatjohn,8
MikeP1L0T,9
TorontoStar,11
aeroboqueron,12
guardiannews,12
MPNaveenJindal,14
HuffPostUK,10
Independent,11
RT_com,6
MailOnline,10
Tobjizzle,9
thatjohn,8
airlivenet,10
Independent,11
SkyNews,7
staronline,10
France24_en,11
rtve,4
tomwoodau,9
airlivenet,10
thejensie,9
planefinder,11
NYCAviation,11
ChannelNewsAsia,15
BokiNachbar,11
foxandfriends,13
thei100,7
planefinder,11
BBCWorld,8
rConflictNews,13
thatjohn,8
Independent,11
SkyNews,7
RT_com,6
klubbkiddkl,11
Telegraph,9
ManfredWeber,12
SputnikInt,10
CBSThisMorning,14
Conflict_Report,15
EU_Commission,13
ninagarcia,10
SputnikInt,10
internetforumco,15
NST_Online,10
LucyHockingsBBC,15
nypost,6
MaxFosterCNN,12
eNCAnews,8
thatjohn,8
dw_english,10
Bulc_EU,7
flightradar24,13
eurocontrol,11
MaxFosterCNN,12
GMA,3
flightradar24,13
BreakingNews,12
9NewsAUS,8
SkyNews,7
willambeIli,11
Telegraph,9
NewDay,6
flightradar24,13
AFP,3
EP_President,12
RT_com,6
OneRepublic,11
AJEnglish,9
BBCBreaking,11
RT_com,6
lizcastro,9
Grybauskaite_LT,15
Independent,11
NBCNews,7
guardian,8
AJEnglish,9
SkyNews,7
airlivenet,10
CNN,3
WSJ,3
malaysiakini,12
VibeTickets,11
Telegraph,9
planefinder,11
SkyNews,7
CBSThisMorning,14
DaveWallsworth,14
airlivenet,10
CharlieKing85,13
foxandfriends,13
GuyVerhofstadt,14
mashable,8
RT_com,6
airberlin,9
etribune,8
MailOnline,10
onthemedia,10
501Awani,8
PavloKlimkin,12
guardian,8
GermanyDiplo,12
AJENews,7
CNN,3
jonostrower,11
airlivenet,10
Lufthansa_DE,12
BBCBreaking,11
HuffingtonPost,14
TZON57,6
SkyNews,7
ABC,3
airlivenet,10
RT_com,6
meganspecia,11
501Awani,8
RT_com,6
ABC,3
FlySWISS,8
emergenciescat,14
SkyNews,7
NBCNews,7
IATA,4
airlivenet,10
Telegraph,9
ABCNewsLive,11
lufthansa,9
lufthansa,9
airlivenet,10
elpaisinenglish,15
Lufthansa_DE,12
bbcweather,10
CNN,3
BBCBreaking,11
AJENews,7
Independent,11
airlivenet,10
airlivenet,10
Reuters,7
eucopresident,13
RT_com,6
Joe_OLeary,10
flightradar24,13
501Awani,8
sjokz,5
BBCBreaking,11
airlivenet,10
airlivenet,10
ReutersLive,11
flightradar24,13
mashable,8
FoxNews,7
FoxNews,7
SkyNews,7
ReutersLive,11
flightradar24,13
ReutersGraphics,15
staralliance,12
TIME,4
narendramodi,12
cnni,4
BBCBreaking,11
BBCWorld,8
AFP,3
DFB_Team_EN,11
airlivenet,10
TurkishAirlines,15
thatjohn,8
airlivenet,10
KJ_Huntelaar,12
mellberr,8
AC360,5
kesgardner,10
guardian,8
nytimes,7
CNN,3
cnni,4
RealTonyRocha,13
RealTonyRocha,13
baelorrr,8
NewsHour,8
silencewedge,12
businessinsider,15
AC360,5
CNNVideo,8
AC360,5
Ian56789,8
Slate,5
NBCNews,7
AC360,5
daddy_san,9
megynkelly,10
angelpakaigucci,15
AC360,5
AP,2
WSJ,3
NewYorker,9
TeaPartyCat,11
latimes,7
AC360,5
TheWasNews,10
WNTonight,9
SkyNews,7
geoffjohns,10
airlivenet,10
minefornothing,14
stefandevries,13
hamishNews,10
LindaSharkey,12
marcburleigh,12
hamishNews,10
NYCAviation,11
BBCBreaking,11
airlivenet,10
AlArabiya_Eng,13
ReutersAero,11
tomsteinfort,12
flightradar24,13
9NewsAUS,8
torin,5
flightradar24,13
euronews,8
AbedaDocrat,11
flightradar24,13
YanniKouts,10
ANCALERTS,9
flightradar24,13
airlivenet,10
NYCAviation,11
NBCNews,7
SaraTimes,9
XHNews,6
Channel4News,12
planefinder,11
champ_ian,9
abcnews,7
BreakingNews,12
SkyNewsAust,11
LucyHockingsBBC,15
skymarkwhite,12
rtenews,7
AuskarSurbakti,14
BBCRosAtkins,12
SputnikInt,10
RT_com,6
YahooNews,9
planefinder,11
BBCRosAtkins,12
RT_com,6
WSJ,3
WSJeurope,9
AJENews,7
Daily_Express,13
CNBCnow,7
TODAYshow,9
DailyMirror,11
Hoi_Cheong_Chan,15
AircraftTalking,15
TODAYshow,9
ChannelNewsAsia,15
thatjohn,8
skymarkwhite,12
rConflictNews,13
BreakingNews,12
flightradar24,13
airlivenet,10
RT_com,6
MichaelSkolnik,14
flightradar24,13
WSJ,3
9NewsAUS,8
RobPulseNews,12
ABC,3
UlrichJvV,9
AirlineFlyer,12
HLNTV,5
ThisAbled,9
cnnbrk,6
rConflictNews,13
SPIEGEL_English,15
Reuters,7
airlivenet,10
itvnews,7
HuffPostUK,10
NST_Online,10
adrianlimcheeen,15
magiorNYT,9
cheguwera,9
guardian,8
ThisIsGaZa,10
Independent,11
France24_en,11
AviationSafety,14
abcnews,7
Baekyeoliee,11
airlivenet,10
thatjohn,8
AirSmolik,9
myfoxla,7
fedesene,8
BBCBreaking,11
Reuters,7
ReutersWorld,12
tseymat,7
NYCAviation,11
HuffingtonPost,14
nycjim,6
malaysiakini,12
TimesNow,8
SkyNewsAust,11
SkyNews,7
mashable,8
NBCNews,7
foxandfriends,13
MailOnline,10
CNNVideo,8
tomsteinfort,12
CNN,3
BreakingNews,12
AFP,3
CNBCnow,7
airlivenet,10
SkyNewsBreak,12
skymarkwhite,12
airlivenet,10
Independent,11
BBCBreaking,11
airlivenet,10
AP,2
Lufthansa_DE,12
SkyNews,7
lufthansa,9
airlivenet,10
SkyNews,7
501Awani,8
globalnewstw,12
FoxNews,7
guardian,8
airlivenet,10
cnni,4
RichelleVHP,11
AFP,3
rConflictNews,13
SkyNewsBreak,12
airlivenet,10
cnnbrk,6
DailyMirror,11
SukhSandhu,10
BBCBreaking,11
ReutersLive,11
SkyNews,7
BBCBreaking,11
thatjohn,8
AP,2
SkyNews,7
ReutersAero,11
airlivenet,10
cnni,4
DailyMirror,11
AP,2
YahooNews,9
AP,2
ChannelNewsAsia,15
WIRED,5
NahlahAyed,10
BuzzFeedNews,12
AC360,5
itvnews,7
ChrisCuomo,10
TorontoStar,11
NYDailyNews,11
AC360,5
thejournal_ie,13
9NewsAUS,8
JasonWhitely,12
Newsweek,8
mellberr,8
YahooNews,9
henkvaness,10
NewsOnTheMin,12
rConflictNews,13
News_Executive,14
TerryMoran,10
rConflictNews,13
thatjohn,8
TerryMoran,10
cnni,4
Tburgeswatson,13
airlivenet,10
SkyNewsBreak,12
hamishNews,10
USATODAY,8
JFXM,4
rConflictNews,13
gebauerspon,11
DailyMirror,11
FoxNews,7
nypost,6
RedNationRising,15
KhaledBeydoun,13
zulazry,7
SonofLiberty357,15
DrShobha,8
mediacrooks,11
RavenHUWolf,11
gatewaypundit,13
JOEROWE409,10
daxtonbrown,11
JohnGGalt,9
riwired,7
NoahWehrman,11
SanghArmy,9
Conservative_VW,15
slone,5
USAlivestrong,13
slone,5
slone,5
phyzal25,8
GR8_2B_alive,12
_hadji_911,10
CatholicLisa,12
HDLindiaOrg,11
airlivenet,10
riwired,7
ChannelNewsAsia,15
Reuters,7
businessinsider,15
USATODAY,8
Independent,11
airlivenet,10
USATODAY,8
DrMartyFox,10
BoringMoAnsar,13
nprnews,7
flybyday63,10
MarcHilliker,12
ThePatriot143,13
Zone6Combat,11
jjauthor,8
ImHaytham,9
RWSurferGirl,12
gegco,5
CBCOttawa,9
CBCOttawa,9
IvisonJ,7
juliancamarena,14
LisaBloom,9
BreakingNews,12
CTVNews,7
TorontoStar,11
nationalpost,12
josh_wingrove,13
JohnHuaCTV,10
ShirleeEngel,12
josh_wingrove,13
J_MacDonald_PC,14
DanielDickin,12
cnni,4
CBCAlerts,9
CTVNews,7
rcmpgrcpolice,13
JohnW_MP,8
Reuters,7
nationalpost,12
DistressCentreO,15
Senators,8
ggreenwald,10
BreakingNews,12
kamakazi19982,13
AP,2
BBCBreaking,11
ottawacity,10
uOttawaDirect,13
SaskatoonPolice,15
ABC,3
MinPeterMacKay,14
corybowles,10
CTVNews,7
MaulerMauler,12
dgardner,8
K9kazoo,7
HonJohnBaird,12
MaulerMauler,12
thecoffeecop,12
rcallimachi,11
Kathleen_Wynne,14
l_stone,7
globeandmail,12
CBCOttawa,9
YahooCanadaNews,15
rcmpgrcpolice,13
nationalpost,12
gerrydee,8
OttawaCitizen,13
sladurantaye,12
SkyNews,7
CBCNews,7
DistressCentreO,15
reBELLYus,9
archiemc,8
grahamctv,9
OttawaPolice,12
CatherineCTV,12
BET,3
CTVMercedes,11
bts_bighit,10
BTS_facts,9
KBlazeCarlson,13
CTVNews,7
CTVNews,7
BigHitEnt,9
espn,4
DistressCentreO,15
BBCBreaking,11
Real_ESPNLeBrun,15
BreakingNews,12
bruce_arthur,12
NHLFlames,9
PC7634,6
HuffingtonPost,14
AP,2
Real_ESPNLeBrun,15
ToTheBANGTAN,12
OttawaPolice,12
josh_wingrove,13
steve_rennie,12
ABCNewsLive,11
towhey,6
globeandmail,12
nlynnbogart,11
tsnjamesduthie,14
OttawaPolice,12
OttawaPolice,12
Sportsnet,9
BlueJacketsNHL,14
DawsonOakes,11
OttawaPolice,12
ERowell1,8
globeandmail,12
CBCNews,7
ABC,3
FreeLaddin,10
chrissyteigen,13
FlaPanthers,11
sladurantaye,12
CBCAlerts,9
weathernetwork,14
mackaytaggart,13
BonsieTweets,12
OC_Transpo,10
chrissyteigen,13
MapleLeafs,10
MattBarnaby3636,15
acoyne,6
ABC,3
DistressCentreO,15
TheTweetOfGod,13
LukeBrizazzle,13
iowahawkblog,12
onthemedia,10
PeelSchools,11
usembassyottawa,15
Monahan20,9
curryb,6
ABC,3
beingbrad,9
CBCToronto,10
Joerayment,10
NHLCanes,8
CoreyTaylorRock,15
cbcradio,8
disneywords,11
Mississauga411,14
JulianFantino,13
KateBeirness,12
ABC,3
NBCNightlyNews,14
Canadagentleman,15
Cudlitz,7
NHLexpertpicks,14
jacksoncouse,12
picardonhealth,14
DavidMuir,9
RCMPONT,7
reuterspictures,15
Raptors,7
kevinolearytv,13
cnni,4
EdmontonOilers,14
OPP_COMM_ER,11
CBCNews,7
OldRowOfficial,14
cnnbrk,6
NoradNorthcom,13
kidney4craig,12
RDSimper,8
CP24,4
markusoff,9
1310NewsDay,11
grahamctv,9
theScore,8
NewsBayshore,12
HuffPostCanada,14
SheldonPeddle,13
CFRAOttawa,10
TorrensJonathan,15
CalgaryPolice,13
CarknerMatt,11
Raffi_RC,8
NBCNews,7
CurtisLazar95,13
acarvin,7
NHL,3
mattapuzzo,10
milaficent,10
scottbix,8
DistressCentreO,15
HuffPostCanada,14
JumpOttawa,10
JasonAkeson,11
b_ryan9,7
MSmithBubbles,13
CNN,3
lloydrang,9
RT_America,10
nationalpost,12
BuffaloSabres,13
Reuters,7
markusoff,9
JordanFifer,11
irene_thomaidis,15
christyclarkbc,14
AncaGurzu,9
MarkPFIsher,11
kinsellawarren,14
CNN,3
bdunkelman,10
tailormann,10
MHoffy68,8
CBCOttawa,9
youthinpolicing,15
TOMayorFord,11
nenshi,6
michaelmuhney,13
IamSandraOh,11
CoachStanButler,15
jparencibia9,12
sladurantaye,12
CBCOttawa,9
ctvottawa,9
CBCOttawa,9
CNNSitRoom,10
nationalpost,12
MediaSmarts,11
PeelSchools,11
l_stone,7
NHLBruins,9
ABC,3
Biometricstate,14
Cecer_83,8
ONTSpecialNeeds,15
ErikKarlsson65,14
HuffPostCanada,14
waltandperry,12
BauerHockey,11
logicdog,8
LakersNation,12
PTadros_RC,10
DistressCentreO,15
hockeynight,11
darioayalaphoto,15
globeandmail,12
teganandsara,12
_juliyana,9
sachinshvrma,12
ysb_bsj,7
TIMEZ5,6
NHLJets,7
riandawson,10
Raffi_RC,8
MattRichling,12
KathleenCanada,14
pou29,5
TonyclementCPC,14
penguins,8
Canadagentleman,15
CBCCanada,9
OPP_COMM_WR,11
SkyNewsBreak,12
ATJogia,7
narendramodi,12
NanceAckerman,13
paulisci,8
CBCTheNational,14
SFUO_FEUO,9
Real_ESPNLeBrun,15
fs1otoole,9
CBCOttawa,9
Fucale31,8
timhicksmusic,13
CBCNews,7
CBCCanada,9
BlueJays,8
ochocinco,9
kwte84,6
DickyFirmanzyah,15
fs1otoole,9
OPP_GTATraffic,14
MikeLoftus_,11
Joerayment,10
stphnmaher,10
CBCNews,7
cnnbrk,6
CP24,4
mikefisher1212,14
WBrettWilson,12
HoustonRockets,14
daveprisco,10
mnwild,6
OttawaPolice,12
cbcsteve,8
ActionFlickDoc,14
globeandmail,12
RCMP_Nat_Div,12
the_ironsheik,13
OttawaPolice,12
OttawaPolice,12
OttawaPolice,12
washingtonpost,14
BarDown,7
grabs40,7
David_Cameron,13
HockeyCanada,12
washingtonpost,14
AnthonyCumia,12
CHOZFM,6
BK1143,6
PuckDaily,9
NHLPA,5
RCMPONT,7
AnaheimDucks,12
CP24,4
BBCWorld,8
milosraonic,11
MelnykEugene,12
BBCWorld,8
MStrooo6,8
DownGoesBrown,13
DistressCentreO,15
Pchiddy,7
CBCAlerts,9
RealAlexJones,13
RCMPONT,7
ArrestWilson,12
globeandmail,12
JenWadge,8
bob_owens,9
nypost,6
nationalpost,12
NHLDevils,9
EricVallillee,13
CBCOttawa,9
MartinBrodeur,13
kanataimam,10
shannonleetweed,15
SheswantstheD,13
noel_fisher,11
GGDavidJohnston,15
BBCWorld,8
CP24,4
CNN,3
20committee,11
CP24,4
OttawaPolice,12
HockeyGods,10
hadeelalsh,10
todmaffin,9
ElizabethMay,12
nytimes,7
KingDavidF,10
sladurantaye,12
Reuters,7
ezraklein,9
RCMP_Nat_Div,12
RobinsonMegan,13
RCMP_Nat_Div,12
ImmortalTech,12
BBCWorld,8
McMasterU,9
DaniMarioCBC,12
thecoffeecop,12
Avalanche,9
CityNews,8
CBCAlerts,9
AP,2
LakersNation,12
FoxNews,7
Buccigross,10
JoeyBats19,10
IsraeliPM,9
Ont_Ombudsman,13
BadatYusuf,10
AM980News,9
OttawaPolice,12
MLB,3
PeterAkmanCTV,13
FoxNews,7
sskroughriders,14
CBCAlerts,9
HockeyBabbler,13
LAKings,7
Real_ESPNLeBrun,15
CBCOttawa,9
CBCNews,7
Hornyqvist,10
ImThatGentleman,15
CP24,4
MotherJones,11
stevenchase,11
jameswest2010,13
SBNation,8
ArezRamazani,12
Mike1493r,9
LoriPatriot,11
yikes77,7
BradThor,8
KTLA,4
BradThor,8
J_MacDonald_PC,14
JamilSmith,10
ianp89,6
THELAKERDYNASTY,15
Todd__Kincannon,15
TumblrHockey_,13
YRP,3
jenanmoussa,11
realmickfoley,13
globeandmail,12
voxdotcom,9
Real_ESPNLeBrun,15
justinffbieber,14
TSNBobMcKenzie,14
simsauce,8
RichardMadan,12
RT_com,6
BuffaloSabres,13
andersoncooper,14
CBCOttawa,9
CBCTheNational,14
tailormann,10
jianghomeshi,12
CNNSitRoom,10
PredsNHL,8
sambonfante,11
TonyclementCPC,14
HuffPostCanada,14
cbctom,6
BBCBreaking,11
weathernetwork,14
ElisabethBucci,14
TheBeaverton,12
CP24,4
CBCAlerts,9
Henderburn,10
evansolomoncbc,14
CBCAlerts,9
cmaconthehill,13
CTVNews,7
CBCOttawa,9
RichardMadan,12
globeandmail,12
CBCAlerts,9
CP24,4
RichardMadan,12
CBCAlerts,9
KatieSimpson24,14
CBCNews,7
CBCAlerts,9
globeandmail,12
josh_wingrove,13
CBCAlerts,9
CBCPolitics,11
CTVNews,7
PzFeed,6
BBCBreaking,11
CFRAOttawa,10
CP24,4
CTVMontreal,11
CBCAlerts,9
newhot899,9
dmatthewmillar,14
CTVNews,7
globeandmail,12
CdnPress,8
CBCAlerts,9
GongshowGear,12
CBCNews,7
OttawaCitizen,13
BreakingNews,12
HuffPostCanada,14
CP24,4
FoxNews,7
CBCOttawa,9
Reuters,7
CarolAnneCTV,12
CBCTheNational,14
CTVToronto,10
globeandmail,12
_MarkSutcliffe,14
CFRAOttawa,10
robertbenzie,12
CP24,4
JFXM,4
SFUO_FEUO,9
CBCOttawa,9
CBCAlerts,9
kellyoxford,11
CTVNews,7
CP24,4
nationalpost,12
cnnbrk,6
guardian,8
GongshowGear,12
BBCBreaking,11
CBCAlerts,9
CBCOttawa,9
WSJ,3
PzFeed,6
rcallimachi,11
YahooCanadaNews,15
HuffPostCanada,14
SkyNewsBreak,12
FoxNews,7
RT_com,6
ABC,3
CBCTheNational,14
NBCNews,7
stephen_taylor,14
markstrahl,10
CBCAlerts,9
BBCBreaking,11
NBCNews,7
globeandmail,12
RideauCentre,12
Reuters,7
Reuters,7
mashable,8
ABC,3
CFRAOttawa,10
BBCNewsUS,9
CBCOttawa,9
RT_com,6
BCheadle,8
cnni,4
ElizabethMay,12
cbcjlong,8
globeandmail,12
SkyNews,7
CBSNews,7
ChakerKhazaal,13
affanchowdhry,13
CBCNews,7
Charles_Lister,14
globeandmail,12
jenditchburn,12
amyminsky,9
CBCOttawa,9
HaraldDoornbos,14
ldobsonhughes,13
ctvottawa,9
cbcsteve,8
ThatKevinSmith,14
l_stone,7
MattCampbellca,14
CTVNews,7
CBCOttawa,9
ClaudiaCTV,10
ReutersLive,11
l_stone,7
SkyNewsBreak,12
CBCOttawa,9
CBCAlerts,9
Reuters,7
OttawaPolice,12
RT_com,6
CBCNews,7
NBCNews,7
l_stone,7
shomaristone,12
BreakingNews,12
cnni,4
FoxNews,7
CBCNews,7
ABC,3
BBCBreaking,11
nytimes,7
CBCOttawa,9
SunNewsNetwork,14
newhot899,9
CTVNews,7
samtremblay97,13
DaveBeninger,12
1310NewsDay,11
cnnbrk,6
RT_com,6
BonsieTweets,12
Breaking911,11
CBCAlerts,9
CP24,4
CTVVancouver,12
CatherineCTV,12
CFRAOttawa,10
PzFeed,6
beingbrad,9
CBCNews,7
CFRAOttawa,10
CFRAOttawa,10
CTVNews,7
grahamctv,9
siomo,5
MartinVass2,11
BBCBreaking,11
ErinAnderssen,13
newhot899,9
CTVNews,7
ABCNewsLive,11
globalnewsto,12
FoxNews,7
stephaniesmyth,14
dave_bradley,12
PzFeed,6
20committee,11
CFRAOttawa,10
CBCTheNational,14
globeandmail,12
ctvottawa,9
cnnbrk,6
cbcsaltzman,11
CBCOttawa,9
Justin_Ling,11
CP24,4
CBCNews,7
JimPrentice,11
WSJ,3
RT_com,6
joshuahind,10
cnnbrk,6
BBCBreaking,11
CBCOttawa,9
PzFeed,6
CP24,4
globeandmail,12
Breaking911,11
CBCAlerts,9
samueloakford,13
Reuters,7
BreakingNews,12
nytimesworld,12
Reuters,7
Reuters,7
ErinAnderssen,13
AP,2
GongshowGear,12
Reuters,7
AP,2
BBCBreaking,11
1310NewsDay,11
cnnbrk,6
globeandmail,12
SkyNews,7
PrisonPlanet,12
RideauCentre,12
CBCAlerts,9
cnni,4
WSJ,3
stefankeyesCTV,14
globeandmail,12
CatherineCTV,12
cnnbrk,6
LukeRussert,11
CNN,3
cnnbrk,6
CBSNews,7
nathancullen,12
WSJ,3
HuffPostCanada,14
ctvottawa,9
CBCAlerts,9
BreakingNews,12
cnnbrk,6
cbcsaltzman,11
cnni,4
affanchowdhry,13
CBCHamilton,11
Reuters,7
dexterdyne,10
CBCAlerts,9
IBTimesUK,9
TorontoStar,11
newstalk1010,12
AFP,3
LindaFrum,9
PzFeed,6
NBCNightlyNews,14
SkyNewsBreak,12
newstalk1010,12
RT_com,6
ABC,3
BreakingNews,12
CBCOttawa,9
PzFeed,6
Reuters,7
TorontoStar,11
CP24,4
washingtonpost,14
SkyNews,7
CP24,4
BBCBreaking,11
CBCAlerts,9
kevin_mcgran,12
BreakingNews,12
Montel_Williams,15
cbcJillDempsey,14
USATODAY,8
WSJLive,7
CBCAlerts,9
dallassmith,11
CNN,3
CTVNews,7
TelegraphNews,13
amyminsky,9
ErinAnderssen,13
CTVNews,7
grahamctv,9
nytimesworld,12
CBCAlerts,9
CP24,4
reporterchris,13
cbcsaltzman,11
CP24,4
hockeynight,11
SportsCentre,12
CBCAlerts,9
Real_ESPNLeBrun,15
BBCNewsGraphics,15
cnnbrk,6
theScore,8
AP,2
CNN,3
PzFeed,6
CBCOttawa,9
CP24,4
ABC,3
globeandmail,12
Sportsnet,9
HuffPostCanada,14
hockeynight,11
SportsCenter,12
BBCBreaking,11
CP24,4
globeandmail,12
michaeldickson,14
CP24,4
CBCAlerts,9
cnnbrk,6
RamCNN,6
OttawaPolice,12
AP,2
OttawaPolice,12
paulbrandt,10
CP24,4
PzFeed,6
CBCOttawa,9
CBCAlerts,9
DonMartinCTV,12
BreakingNews,12
CBCAlerts,9
AP,2
ElizabethMay,12
cnnbrk,6
BBCBreaking,11
CP24,4
nytimes,7
BBCWorld,8
CBCOttawa,9
cnnbrk,6
BBCBreaking,11
CTVNews,7
AP,2
CBCAlerts,9
CTVNews,7
SkyNews,7
CBCNews,7
ChakerKhazaal,13
CBSNews,7
BreakingNews,12
CTVNews,7
GeneralHillier,14
ImThatGentleman,15
MikeSavageHFX,13
Independent,11
MPwrites,8
cbcsteve,8
CBCAlerts,9
ABC,3
SuzanneAnton,12
SeanOsmar,9
CBCOttawa,9
CBCNews,7
MPLoisBrown,11
Canoe,5
weday,5
CBCTheNational,14
CBCOttawa,9
CBCToronto,10
CBSEveningNews,14
CBCAlerts,9
SunNewsNetwork,14
ArmedResearch,13
globeandmail,12
GeatanD,7
samar_ismail,12
zchamu,6
Briadoublene,12
WolfSpirit2013,14
EmmaatTheSpec,13
CBCAlerts,9
Cameron_Gray,12
Media371,8
NewsOnTheMin,12
CBCHamilton,11
Crackmacs,9
Reuters,7
CBCAlerts,9
CBCOttawa,9
carastern,9
Canoe,5
CTVNews,7
CP24,4
globeandmail,12
TheSpec,7
TarekFatah,10
globeandmail,12
CTVNews,7
BreakingNews,12
Canadagentleman,15
BrandonCondie,13
ABC,3
Reuters,7
TorontoStar,11
EtobicokeErnie,14
BBCBreaking,11
CBCNews,7
CP24,4
CTVNews,7
CarlosAlvarez37,15
Indie88Toronto,14
News1130radio,13
TorontoStar,11
TelegraphNews,13
doglab,6
SunNewsNetwork,14
nypost,6
PzFeed,6
CBCOttawa,9
20committee,11
BBCBreaking,11
CBCAlerts,9
20committee,11
AP,2
iamterryevans,13
cityofhamilton,14
washingtonpost,14
HonJohnBaird,12
ABC,3
globeandmail,12
sasapetricic,12
CaseySchroth,12
NATOSource,10
ChakerKhazaal,13
ctvottawa,9
AJEnglish,9
NBCNightlyNews,14
CP24,4
mattwecho,9
redlianak,9
TheAnonMessage,14
StevesCODvision,15
CTVNews,7
AP,2
globeandmail,12
CNNSitRoom,10
cnnbrk,6
BTtoronto,9
HonJohnBaird,12
sarahsnyder_,12
cnni,4
MichaelBolen,12
globeandmail,12
MrHamOnt,8
HONOUROURFORCES,15
HuffPostCanada,14
MaulerMauler,12
CBCOttawa,9
FoxNews,7
CBCAlerts,9
PzFeed,6
BreakingNews,12
chronicleherald,15
VanCanucks,10
Telegraph,9
CNNSitRoom,10
CBCNews,7
CBCTheNational,14
jimsciutto,10
BBCBreaking,11
Cellying,8
cnnbrk,6
cnnbrk,6
CTVNews,7
CBCAlerts,9
AmyMek,6
BBCBreaking,11
BobG231,7
Raptors,7
TO_sportsgirl,13
RealSicilianG,13
AdamGuerbuez,12
Ostrov_A,8
GigiGraciette,13
CBCAlerts,9
CP24,4
nswpolice,9
abcnewsSydney,13
SkyNews,7
Jessicaveronica,15
TRobinsonNewEra,15
sunny_hundal,12
SandiHLogan,11
GrayConnolly,12
Leroy_Lynch,11
GrayConnolly,12
TRobinsonNewEra,15
_AmyGray_,9
ABC,3
OwenJones84,11
Anna_Watanabe,13
CorkGourmetGuy,14
ronanofficial,13
TheTweetOfGod,13
SkyNewsAust,11
nfergus,7
exjon,5
smh,3
Angus_OL,8
Rory_Medcalf,12
SukhSandhu,10
troyesivan,10
washingtonpost,14
RealAliciaMayer,15
AmberPickette,13
Qantas,6
BBCNewsAus,10
mr_internet,11
cnnbrk,6
ABC,3
ramblesofpower,14
ScanBC,6
smh,3
abcnews,7
PzFeed,6
Montel_Williams,15
BasimaFaysal,12
miss_raej,9
LADowd,6
SimonLongstaff,14
HeyASIO,7
NSWAmbulance,12
nova969,7
Cybermum_AU,11
PhilipIglauer,13
smh,3
smh,3
abcnews,7
_AdamTodd,9
Sandra_Sully,12
jenn_ruth,9
GOPMommy,8
MariamDiamond,13
nilessh_desai,13
seancallanan,12
cnnbrk,6
